EBS_CONTRACT_NUMBER__C,ACCOUNTNAME__C,O_COUNTER_PARTY_EBS__C,ACCOUNTID,NON_CONTRACTED_ACCOUNT__C,LASTMODIFIEDDATE
472775,Webb Chemical Services Corp,288709,0017000001KuqRMAAZ,,2023-08-02T04:46:04.000Z
472777,ADM Fertilizer Division of Archer Daniels Midland,51344,0017000000yIUjPAAW,,2023-08-01T14:16:59.000Z
472782,Tomcompany SA de CV,241317,00170000015VuHjAAK,,2023-08-01T15:02:18.000Z
472784,Carolina Eastern Inc,12374,0017000000yIW4KAAW,,2023-08-02T13:39:20.000Z
472785,Eurochem North American Corporation,6036,0017000000yIUzSAAW,,2023-08-01T15:38:06.000Z
472786,Eurochem North American Corporation,6036,0017000000yIUzSAAW,,2023-08-01T15:38:58.000Z
472787,Adubos Real S.A.,186313,0017000000yW4N6AAK,,2023-08-01T19:37:22.000Z
472789,Fertilizantes Heringer S.A.,8136,0017000000yIUyqAAG,,2023-08-01T20:05:32.000Z
472791,Fertilizantes Tocantins S.A,178641,0017000000yISyKAAW,,2023-08-01T19:57:22.000Z
472792,Mosaic Fertilizantes Do Brasil Ltda,9402,0017000000yIUuKAAW,,2023-08-01T18:54:48.000Z
472793,GROWMARK INC,6906,0017000000yIUyRAAW,,2023-08-02T20:58:23.000Z
472795,Lark Land & Cattle Inc,8630,0017000000yIUvVAAW,,2023-08-01T22:43:04.000Z
472797,Union Invivo,6226,0017000000yIW1kAAG,,2023-08-01T19:10:21.000Z
472799,Winfield United Canada ULC,1292148,0010g00001ZJQOTAA5,0017000000yIW50AAG,2023-08-01T18:45:58.000Z
472801,The Meadows Group LLC,1314918,0010g00001mMc1TAAS,,2023-08-02T00:23:12.000Z
472803,MACROSOURCE LLC,1475259,0014u00001zo2XuAAI,0014u000025RwBbAAK,2023-08-01T21:01:13.000Z
472805,Technical Chemical Co Inc,1230005,0017000001OODfvAAH,,2023-08-01T21:17:22.000Z
472808,Winfield United Canada ULC,1292148,0010g00001ZJQOTAA5,,2023-08-01T21:37:21.000Z
472813,National Farmers Warehouse Pty Ltd,202239,00170000010PYSZAA4,,2023-08-01T22:27:28.000Z
472818,Delta Agribusiness Pty Ltd,10201,0017000000yIV07AAG,0014u0000246La5AAE,2023-08-01T23:46:34.000Z
472822,Nutrien Ag Solutions Limited (Aust),10570,0017000000yW3tGAAS,0014u00001wsecJAAQ,2023-08-02T00:55:46.000Z
472823,Winfield Solutions LLC,47727,0017000000yIUl7AAG,0010g00001m5BvPAAU,2023-08-02T05:30:21.000Z
472824,Pursehouse Rural Pty Limited,10202,0017000000yIW2GAAW,0014u0000248c4yAAA,2023-08-02T06:11:08.000Z
472826,Prairie Soil Services Ltd,276724,0017000001GT7cFAAT,,2023-08-02T21:07:49.000Z
472827,Nutrien Ag Solutions Limited (Aust),10570,0017000000yW3tGAAS,0014u00001vTLdrAAG,2023-08-02T23:31:08.000Z
472828,Nutrien Ag Solutions Limited (Aust),10570,0017000000yW3tGAAS,0014u00001vTLdrAAG,2023-08-02T05:55:48.000Z
472834,Cotton Growers Services Pty Ltd,10203,0017000000yW3zEAAS,0014u0000234YrEAAU,2023-08-02T07:14:39.000Z
472835,Elders Rural Services Australia Limited,1300080,0010g00001eP9e7AAC,0014u0000231jP7AAI,2023-08-02T06:55:38.000Z
472837,Crop Smart Pty Ltd,1305872,0010g00001jkku2AAA,,2023-08-02T08:26:41.000Z
472838,Crop Smart Pty Ltd,1305872,0010g00001jkku2AAA,,2023-08-02T08:45:09.000Z
472841,SINOCHEM INTERNATIONAL OIL (SINGAPORE) PTE LTD,1300354,0010g00001eQcJqAAK,,2023-08-02T13:51:08.000Z
472842,Fertipar Fertilizantes do Parana Ltda,11783,0017000000yW3wVAAS,,2023-08-02T13:57:27.000Z
472843,Nutrien Ag Solutions Limited (Aust),10570,0017000000yW3tGAAS,0014u00001vTLe1AAG,2023-08-02T13:56:18.000Z
472844,"3H Trading Company, LLC",1265195,0017000001SZKwqAAH,,2023-08-02T18:33:58.000Z
472845,Roberts Farm Supplies & Services,12069,0017000000yIW28AAG,,2023-08-02T21:01:02.000Z
472846,"3H Trading Company, LLC",1265195,0017000001SZKwqAAH,,2023-08-02T18:33:12.000Z
472847,Roberts Farm Supplies & Services,12069,0017000000yIW28AAG,,2023-08-02T21:00:13.000Z
472851,Bartlett Grain Company LP,11843,0017000000yIV20AAG,,2023-08-02T14:50:12.000Z
472854,Keytrade North America Inc,1227008,0017000001ONzCtAAL,,2023-08-02T15:30:02.000Z
472855,Mid America River and Rail LLC,1299815,0010g00001eO1aQAAS,,2023-08-02T15:30:37.000Z
472857,Triptik Trading SA,1302326,0010g00001ggavwAAA,,2023-08-02T16:25:41.000Z
472859,OQ Trading Limited,142703,0017000000yITA1AAO,,2023-08-02T17:50:29.000Z
472860,Kirby Agri Inc,7269,0017000000yIUwUAAW,,2023-08-02T20:11:14.000Z
472861,Belor Toscana SRL,1324490,0014u00001yQMqvAAG,,2023-08-02T18:26:28.000Z
472862,Equinor ASA,76839,0017000000yIUZ3AAO,,2023-08-02T17:46:52.000Z
472863,Methanex Europe SA/NV,75832,0017000000yIUZdAAO,,2023-08-02T17:11:50.000Z
472864,Methanex Europe SA/NV,75832,0017000000yIUZdAAO,,2023-08-02T18:17:02.000Z
472866,Grupo Impulsora SA DE CV,1283852,0017000001Ux0rYAAR,,2023-08-02T17:06:17.000Z
472867,OCI Methanol Marketing B.V.,1307131,0010g00001lDy1nAAC,,2023-08-02T18:03:26.000Z
472872,Incobrasa Industries LTD,1481599,0014u000024A3HZAA0,,2023-08-03T02:53:24.000Z
472873,Indorama Corporation Pte Ltd,1483140,0014u000025u6fCAAQ,,2023-08-02T20:41:17.000Z
472874,Eurochem North American Corporation,6036,0017000000yIUzSAAW,,2023-08-02T19:36:34.000Z
472879,Pro Application Ag Services LLC,1307275,0010g00001lEfsNAAS,,2023-08-02T20:39:27.000Z
472880,Federated Co-operatives Limited,54008,0017000000yIUi8AAG,0017000001GQfutAAD,2023-08-02T21:07:07.000Z
472881,Futamura USA,1467114,0014u00001wsWGwAAM,,2023-08-02T21:25:29.000Z
472883,Farmers Union Cooperative Supply Company,155913,0017000000yIT4aAAG,,2023-08-02T21:18:07.000Z
472889,FertPro Manufacturing Pty Ltd,1279717,0017000001UvvUUAAZ,,2023-08-02T23:24:18.000Z
472892,Simplot AB Retail Sub Inc,9390,0017000000yIUwpAAG,,2023-08-03T00:19:47.000Z
472894,Wilbur-Ellis Company,10072,0017000000yIUoLAAW,0014u00001nCPk6AAG,2023-08-03T00:50:52.000Z
473099,Fertilizantes Santo Domingo SA,1327623,0014u00001p0300AAA,,2023-08-08T13:11:12.000Z
473100,Sylvite Agri-Services Ltd,6100,0017000000yIW1yAAG,,2023-08-08T13:17:42.000Z
473101,Nutrien Ag Solutions Inc,10957,0017000000yIV0TAAW,0010g00001ljvBmAAI,2023-08-08T13:18:04.000Z
473102,Nutrien Ag Solutions Inc,10957,0017000000yIV0TAAW,0010g00001ljvBmAAI,2023-08-08T13:27:55.000Z
473103,Florida Chemical Supply Inc,187054,0017000000yWnk5AAC,,2023-08-08T14:06:45.000Z
473104,USA for Heartland Co-op (West Des Moines IA),7930,0017000000yIUpJAAW,0017000000yIUxpAAG,2023-08-08T14:16:18.000Z
473105,Skagit Farmers Supply Cooperative,1303084,0010g00001gNoccAAC,,2023-08-08T14:19:12.000Z
