locationName,occupantPartyId,occupantParty,logisticsProductGroupName,qty,qtyUnit
THATCHER COMPANY (SALT LAKE CITY),0017000000yW3nS,THATCHER COMPANY,METHANOL,0,GAM
OCCIDENTAL CHEMICAL (OATVILLE),0017000000yIQvB,OCCIDENTAL CHEMICAL CORPORATION,METHANOL,23276400,GAM
PERSTORP POLYOLS (TOLEDO),00170000012TAw3,PERSTORP POLYOLS INC,METHANOL,66504000,GAM
HAMPEL OIL (CARNEY),00170000013kTwL,HAMPEL OIL DISTRIBUTORS INC,METHANOL,0,GAM
ARCLIN USA (ANDALUSIA),0017000000yIUlr,ARCLIN USA LLC,METHANOL,9975600,GAM
HEXION INC (SOUTH GLENS FALLS),0017000000yIW2f,HEXION INC,METHANOL,18288600,GAM
HAMPEL OIL (SAYRE),00170000013kTwL,HAMPEL OIL DISTRIBUTORS INC,METHANOL,0,GAM
RHINEHART OIL (HOOPER),0017000001UuM0J,RHINEHART OIL COMPANY INC,METHANOL,0,GAM
CAMCO MANUFACTURING (GREENSBORO),0010g00001aLjMN,CAMCO MANUFACTURING INC,METHANOL,0,GAM
BENTLY NEVADA (MINDEN),0010g00001Ydf9N,BENTLY NEVADA LLC,METHANOL,0,GAM
LYONDELLBASELL ACETYLS (LA PORTE),0017000000yIUe9,LYONDELLBASELL ACETYLS LLC,METHANOL,99756000,GAM
INTERSTATE CHEMICAL (CHANNAHON),0017000000yIUc7,INTERSTATE CHEMICAL COMPANY INC,METHANOL,0,GAM
VIRGINIA BIODIESEL (COLOGNE),0017000001OOyuq,VIRGINIA BIODIESEL REFINERY LLC,METHANOL,665040,GAM
AG PROCESSING (ALGONA),0017000000yW3ki,AG PROCESSING INC,METHANOL,11970720,GAM
REG MASON (MASON CITY),0017000001UuFVP,REG MASON CITY,METHANOL,2992680,GAM
BRENNTAG PACIFIC (CHEYENNE),0017000001SOPmk,BRENNTAG PACIFIC INC,METHANOL,0,GAM
BRENNTAG GREAT (FALCON HEIGHTS),0017000000yIPa3,BRENNTAG GREAT LAKES LLC,METHANOL,0,GAM
CARGILL INCORPORATED (IOWA FALLS),0017000000yIV1J,CARGILL INCORPORATED,METHANOL,3657720,GAM
MONSANTO COMPANY (MUSCATINE),0017000000yIUuS,MONSANTO COMPANY,METHANOL,0,GAM
HAMPEL OIL (CASHION),00170000013kTwL,HAMPEL OIL DISTRIBUTORS INC,METHANOL,0,GAM
HERO BX (ERIE),0010g00001cXi7C,HERO BX,METHANOL,4655280,GAM
WEBB CHEMICAL (NORTHWOOD),0017000001KuqRM,WEBB CHEMICAL SERVICES CORP,METHANOL,0,GAM
EASTMAN CHEMICAL (KINGSPORT),0017000001AizoD,EASTMAN CHEMICAL CO,METHANOL,73154400,GAM
THE ANDERSONS (TOLEDO),0017000000yIUq2,THE ANDERSONS INC,METHANOL,0,GAM
"DELRIN USA, (PARKERSBURG)",0014u000025vCzT,"DELRIN USA, LLC",METHANOL,43227600,GAM
BAKELITE CHEMICALS (ALBANY),0014u00001wIsM6,BAKELITE CHEMICALS LLC,METHANOL,11970720,GAM
MUSKET CORPORATION (BIG SPRING),0017000001GQTUq,MUSKET CORPORATION,METHANOL,0,GAM
HEXION INC (FAYETTEVILLE),0017000000yIW2f,HEXION INC,METHANOL,29926800,GAM
CELANESE SALES (IRVING),0014u00001vTdKU,CELANESE SALES US LTD,METHANOL,109731600,GAM
THATCHER COMPANY (GLENDIVE),0017000000yW3nS,THATCHER COMPANY,METHANOL,0,GAM
DAXX LLC (MIDLAND),0017000000yIVx0,DAXX LLC,METHANOL,0,GAM
GEORGIA-PACIFIC CONSUMER (ZACHARY),0017000000yIUkz,GEORGIA-PACIFIC CONSUMER OPERATIONS LLC,METHANOL,0,GAM
LYONDELLBASELL ACETYLS (CHANNELVIEW),0017000000yIUe9,LYONDELLBASELL ACETYLS LLC,METHANOL,136333200,GAM
ACCRON LP (HEMPSTEAD),0014u00001zo2Ti,ACCRON LP,METHANOL,0,GAM
HEXION INC (RIEGELWOOD),0017000000yIW2f,HEXION INC,METHANOL,7980480,GAM
TRANSFLO (COLUMBUS) (COLUMBUS),0017000000yIRZv,TRANSFLO,METHANOL,0,GAM
BIOENERGY DEVELOPMENT (MEMPHIS),00170000011HVjL,BIOENERGY DEVELOPMENT GROUP LLC,METHANOL,3990240,GAM
THE DOW (PLAQUEMINE),0017000000yIUpy,THE DOW CHEMICAL COMPANY,METHANOL,17956080,GAM
MULTI-CHEM GROUP (SONORA),0017000001OOXl2,MULTI-CHEM GROUP LLC,METHANOL,0,GAM
CHEVRON PHILLIPS (BORGER),00170000013lTmY,CHEVRON PHILLIPS CHEMICAL COMPANY LP,METHANOL,0,GAM
DELEK RENEWABLES (CROSSETT),0017000000yITAk,DELEK RENEWABLES LLC,METHANOL,1330080,GAM
HAMPEL OIL (MONAHANS),00170000013kTwL,HAMPEL OIL DISTRIBUTORS INC,METHANOL,0,GAM
BARTON SOLVENTS (BETTENDORF),0017000000yIPVO,BARTON SOLVENTS INC,METHANOL,0,GAM
HIGHLINE WARREN (GREENSBORO),0014u00001wrGSS,HIGHLINE WARREN LLC,METHANOL,0,GAM
HEXION INC (GEISMAR),0017000000yIW2f,HEXION INC,METHANOL,144646200,GAM
HEXION INC (HOPE),0017000000yIW2f,HEXION INC,METHANOL,48547920,GAM
SOLVAY SPECIALTY (HOUSTON),0017000001MQHpd,SOLVAY SPECIALTY POLYMERS USA LLC,METHANOL,0,GAM
CAMCO MANUFACTURING (ELKHART),0010g00001aLjMN,CAMCO MANUFACTURING INC,METHANOL,0,GAM
LOUISIANA STATE (RAYNE),0017000000yIUe4,LOUISIANA STATE UNIVERSITY,METHANOL,0,GAM
DOW SILICONES (CARROLLTON),00170000012yAST,DOW SILICONES CORPORATION,METHANOL,91443000,GAM
SEABOARD ENERGY (GUYMON),0014u00001wIRTP,SEABOARD ENERGY,METHANOL,0,GAM
SEABOARD ENERGY (SAINT JOSEPH),0014u00001wIRTP,SEABOARD ENERGY,METHANOL,0,GAM
EVONIK CORPORATION (THEODORE),00170000019tK92,EVONIK CORPORATION,METHANOL,11638200,GAM
BARTON SOLVENTS (EL DORADO),0017000000yIPVO,BARTON SOLVENTS INC,METHANOL,0,GAM
BRENNTAG SOUTHWEST (IBERVILLE),0017000000yIV1j,BRENNTAG SOUTHWEST INC,METHANOL,0,GAM
EXXONMOBIL OIL (BAYTOWN),0017000000yIQ3g,EXXONMOBIL OIL CORPORATION,METHANOL,0,GAM
WATER TECH (BACHE),0014u0000232mt7,WATER TECH INC,METHANOL,0,GAM
HAMPEL OIL (GEORGETOWN),00170000013kTwL,HAMPEL OIL DISTRIBUTORS INC,METHANOL,0,GAM
HIGHLINE WARREN (LEOMINSTER),0014u00001wrGSS,HIGHLINE WARREN LLC,METHANOL,0,GAM
EXXONMOBIL OIL (BATON ROUGE),0017000000yIQ3g,EXXONMOBIL OIL CORPORATION,METHANOL,0,GAM
JACKSON OIL (SEDAN),0017000000yIQQ0,JACKSON OIL COMPANY AT MATTOON INC,METHANOL,0,GAM
BRENNTAG GREAT (GRAND RAPIDS),0017000000yIPa3,BRENNTAG GREAT LAKES LLC,METHANOL,0,GAM
DUPONT SPECIALTY (PASADENA),0014u00001oyZ1p,DUPONT SPECIALTY PRODUCTS USA LLC,METHANOL,1662600,GAM
MITSUBISHI CHEMICAL (MEMPHIS),0014u00001ozyUu,MITSUBISHI CHEMICAL AMERICA INC,METHANOL,19951200,GAM
SOLVAY SPECIALTY (SNYDER),0017000001MQHpd,SOLVAY SPECIALTY POLYMERS USA LLC,METHANOL,0,GAM
EXXONMOBIL OIL (BEAUMONT),0017000000yIQ3g,EXXONMOBIL OIL CORPORATION,METHANOL,0,GAM
CHAMPIONX LLC (ODESSA),0010g00001m4T5w,CHAMPIONX LLC,METHANOL,0,GAM
AG PROCESSING (SERGEANT BLUFF),0017000000yW3ki,AG PROCESSING INC,METHANOL,5985360,GAM
"SMITTY'S SUPPLY (ARCOLA)",0014u00001znEFj,"SMITTY'S SUPPLY INC.",METHANOL,0,GAM
INEOS OLEFINS (PORT LAVACA),0014u000029ffyk,INEOS OLEFINS & POLYMERS USA,METHANOL,16626000,GAM
US VENTURE (PECOS),0014u00001znQ6t,US VENTURE INC,METHANOL,0,GAM
ASCEND PERFORMANCE (ALVIN),0017000000yIV2L,ASCEND PERFORMANCE MATERIALS LLC,METHANOL,12303240,GAM
CELANESE SALES (DEER PARK),0014u00001vTdKU,CELANESE SALES US LTD,METHANOL,246064800,GAM
MANLY TERMINAL (MANLY),0010g00001cVX44,MANLY TERMINAL,METHANOL,0,GAM
VP RACING (ELMENDORF),0014u00001vV2HQ,VP RACING FUELS INC,METHANOL,0,GAM
SAFETY KLEEN (BRUNSWICK),0017000000yIUrC,SAFETY KLEEN SYSTEMS INC,METHANOL,0,GAM
ARCLIN USA (TOLEDO),0017000000yIUlr,ARCLIN USA LLC,METHANOL,7980480,GAM
ARCLIN USA (MONCURE),0017000000yIUlr,ARCLIN USA LLC,METHANOL,25604040,GAM
CARGILL INCORPORATED (WICHITA),0017000000yIV1J,CARGILL INCORPORATED,METHANOL,0,GAM
HEXION INC (LULING),0017000000yIW2f,HEXION INC,METHANOL,31589400,GAM
DELEK RENEWABLES (CLEBURNE),0017000000yITAk,DELEK RENEWABLES LLC,METHANOL,1995120,GAM
HAMPEL OIL (DUNLAY),00170000013kTwL,HAMPEL OIL DISTRIBUTORS INC,METHANOL,0,GAM
GEORGIA-PACIFIC CONSUMER (BIRKENFELD),00170000013l0dz,GEORGIA-PACIFIC CONSUMER PRODUCTS LP,METHANOL,0,GAM
HERO BX (CYPRESS),0014u00001wrH20,HERO BX ALABAMA LLC,METHANOL,0,GAM
BAKELITE CHEMICALS (GRAYLING),0014u00001wIsM6,BAKELITE CHEMICALS LLC,METHANOL,9975600,GAM
BARTON SOLVENTS (EDWARDSVILLE),0017000000yIPVO,BARTON SOLVENTS INC,METHANOL,0,GAM
INV NYLON (RAISIN),0014u00001noz37,INV NYLON CHEMICALS AMERICAS LLC,METHANOL,0,GAM
BRENNTAG NORTH (ALLSTON),0017000001UxDV6,BRENNTAG NORTH AMERICA INC,METHANOL,0,GAM
PRAXAIR DISTRIBUTION (GEISMAR),0017000000yIR2O,PRAXAIR DISTRIBUTION,METHANOL,9975600,GAM
CANDLE LAMP (MEMPHIS),0017000000yIUcr,CANDLE LAMP COMPANY LLC,METHANOL,0,GAM
BRAINERD CHEMICAL (TUTTLE),0017000000yIT4V,BRAINERD CHEMICAL COMPANY INC,METHANOL,0,GAM
HAMPEL OIL (MAYSVILLE),00170000013kTwL,HAMPEL OIL DISTRIBUTORS INC,METHANOL,0,GAM
OCCIDENTAL CHEMICAL (GEISMAR),0017000000yIQvB,OCCIDENTAL CHEMICAL CORPORATION,METHANOL,21946320,GAM
SABIC AMERICAS (SELKIRK),0017000000yIUrD,SABIC AMERICAS INC,METHANOL,16626000,GAM
ARGUINDEGUI OIL (BEEVILLE),0017000000zxHux,ARGUINDEGUI OIL CO II LTD,METHANOL,0,GAM
THE HALLSTAR (FOREST OAKS),0014u00002310e9,THE HALLSTAR COMPANY,METHANOL,0,GAM
CONE SOLVENTS (BAUCUM),0017000001QytUr,CONE SOLVENTS,METHANOL,0,GAM
ARCLIN USA (SPRINGFIELD),0017000000yIUlr,ARCLIN USA LLC,METHANOL,17956080,GAM
CONE SOLVENTS (INGOMAR),0017000001QytUr,CONE SOLVENTS,METHANOL,0,GAM
HAMPEL OIL (LUCERNEMINES),00170000013kTwL,HAMPEL OIL DISTRIBUTORS INC,METHANOL,0,GAM
FLINT HILLS (EULESS),0017000000yIUyj,FLINT HILLS RESOURCES LP,METHANOL,997560,GAM
GAYLORD CHEMICAL (TUSCALOOSA),0010g00001jjz0r,GAYLORD CHEMICAL CO LLC,METHANOL,5985360,GAM
FINORIC LLC (MIDLAND),0010g00001gNkLc,FINORIC LLC,METHANOL,0,GAM
HAMPEL OIL (ALVA),00170000013kTwL,HAMPEL OIL DISTRIBUTORS INC,METHANOL,0,GAM
ARGUINDEGUI OIL (LAREDO),0017000000zxHux,ARGUINDEGUI OIL CO II LTD,METHANOL,0,GAM
CONE SOLVENTS (NORTH LITTLE ROCK),0017000001QytUr,CONE SOLVENTS,METHANOL,0,GAM
ANGUS CHEMICAL (SPENCER),0017000000yIV2U,ANGUS CHEMICAL COMPANY,METHANOL,0,GAM
THE MEADOWS (EDINBURG),0010g00001mMc1T,THE MEADOWS GROUP LLC,METHANOL,0,GAM
STERNO PRODUCTS (TEXARKANA),0017000000yIUYn,STERNO PRODUCTS,METHANOL,1662600,GAM
TAMINCO US (PACE),0010g00001kj568,TAMINCO US LLC,METHANOL,108069000,GAM
GEORGIA-PACIFIC CONSUMER (PENNINGTON),0017000001UwuLP,GEORGIA-PACIFIC CONSUMER PRODUCTS LP,METHANOL,0,GAM
CAPITAL RESIN (COLUMBUS),0017000001TLJkE,CAPITAL RESIN CORPORATION,METHANOL,13300800,GAM
BAKELITE CHEMICALS (COLUMBUS),0014u00001wIsM6,BAKELITE CHEMICALS LLC,METHANOL,31921920,GAM
EVONIK CORPORATION (GARYVILLE),00170000019tK92,EVONIK CORPORATION,METHANOL,19951200,GAM
BRUCE OAKLEY (NORTH LITTLE ROCK),0017000000yIV1g,BRUCE OAKLEY INC,METHANOL,0,GAM
DOW SILICONES (DEER PARK),00170000012yAST,DOW SILICONES CORPORATION,METHANOL,61516200,GAM
INTERSTATE CHEMICAL (ERIE),0017000000yIUc7,INTERSTATE CHEMICAL COMPANY INC,METHANOL,0,GAM
MOMENTIVE PERFORMANCE (WATERFORD),0010g00001d4e5A,"MOMENTIVE PERFORMANCE MAT'LS",METHANOL,24939000,GAM
BRENNTAG MID-SOUTH (AVONDALE),0017000000yIUj0,BRENNTAG MID-SOUTH INC,METHANOL,0,GAM
BRENNTAG PACIFIC (SOUTH GATE),0017000001SOPmk,BRENNTAG PACIFIC INC,METHANOL,0,GAM
GEORGIA-PACIFIC CONSUMER (PALATKA),00170000013kzYo,GEORGIA-PACIFIC CONSUMER OPERATIONS LLC,METHANOL,0,GAM
BAKELITE CHEMICALS (TAYLORSVILLE),0014u00001wIsM6,BAKELITE CHEMICALS LLC,METHANOL,39237360,GAM
BRUNSWICK CELLULOSE (ALTAMA),0017000000yIW0U,BRUNSWICK CELLULOSE LLC,METHANOL,0,GAM
VERTELLUS SPECIALTIES (INDIANAPOLIS),00170000012xxr3,VERTELLUS SPECIALTIES INC,METHANOL,0,GAM
THE MEADOWS (ALVIN),0010g00001mMc1T,THE MEADOWS GROUP LLC,METHANOL,0,GAM
HAMPEL OIL (OKLAHOMA CITY),00170000013kTwL,HAMPEL OIL DISTRIBUTORS INC,METHANOL,0,GAM
TECHNICAL CHEMICAL (CLEBURNE),0017000001OODfv,TECHNICAL CHEMICAL CO INC,METHANOL,0,GAM
BRENNTAG SOUTHWEST (HOUSTON),0017000000yIV1j,BRENNTAG SOUTHWEST INC,METHANOL,0,GAM
INCOBRASA INDUSTRIES (GILMAN),0014u000024A3HZ,INCOBRASA INDUSTRIES LTD,METHANOL,3325200,GAM
CARGILL INCORPORATED (KANSAS CITY),0017000000yIV1J,CARGILL INCORPORATED,METHANOL,5652840,GAM
AGFINITY INC (BRIGHTON),0017000000yIVvy,AGFINITY INC,METHANOL,0,GAM
ALABAMA RIVER (CLAIBORNE),0017000000yIUgR,ALABAMA RIVER CELLULOSE LLC,METHANOL,0,GAM
ADM (DEERFIELD) (DEERFIELD),0014u000025RvuR,ADM,METHANOL,2992680,GAM
ENTERPRISE PRODUCTS (DEER PARK),0017000000yIUza,ENTERPRISE PRODUCTS OPERATING LLC,METHANOL,73154400,GAM
KRONOSPAN (EASTABOGA) (EASTABOGA),0017000000yIUYg,KRONOSPAN,METHANOL,9310560,GAM
HIGHLINE WARREN (ALBANY),0014u00001wrGSS,HIGHLINE WARREN LLC,METHANOL,0,GAM
LINDE (CLEAR (CLEAR LAKE),0017000000yIW2L,LINDE,METHANOL,0,GAM
HEXION INC (LA GRANDE),0017000000yIW2f,HEXION INC,METHANOL,4987800,GAM
WATER TECH (GRAVEL HILL),0014u0000232mt7,WATER TECH INC,METHANOL,0,GAM
DAXX LLC (AUBURN),0017000000yIVx0,DAXX LLC,METHANOL,0,GAM
RED BIRCH (BASSETT),0014u00001wJGLg,RED BIRCH ENERGY,METHANOL,332520,GAM
NUTRASWEET (AUGUSTA) (AUGUSTA),0017000001IgPkP,NUTRASWEET,METHANOL,0,GAM
INDUSTRIAL CHEM (RICHMOND),0010g00001nBPOb,INDUSTRIAL CHEM,METHANOL,0,GAM
NEW HEAVEN (MANLY),0010g00001ZLYXg,NEW HEAVEN CHEMICALS IOWA LLC,METHANOL,6982920,GAM
VRC TECHNOLOGIES (BROWNWOOD),0014u00001wtHSW,VRC TECHNOLOGIES INC,METHANOL,0,GAM
THE WHITAKER (ATLANTA),0014u000029ePHC,THE WHITAKER COMPANY,METHANOL,0,GAM
RIO VALLEY (EL PASO),0017000001OOWOy,RIO VALLEY BIOFUELS LLC,METHANOL,0,GAM
WATER TECH (GEORGETOWN),0014u0000232mt7,WATER TECH INC,METHANOL,0,GAM
HIGHLINE WARREN (JACKSONVILLE),0014u00001wrGSS,HIGHLINE WARREN LLC,METHANOL,0,GAM
SOLUGEN INC (RANSOM CANYON),0014u00001pxhCJ,SOLUGEN INC,METHANOL,0,GAM
REG NEWTON (NEWTON),0017000001Kvfyx,REG NEWTON LLC,METHANOL,2992680,GAM
CONE SOLVENTS (OKLAHOMA CITY),0017000001QytUr,CONE SOLVENTS,METHANOL,0,GAM
HEXION INC (MISSOULA),0017000000yIW2f,HEXION INC,METHANOL,11970720,GAM
WORLD ENERGY (CAMP HILL),0014u00001wsqOp,WORLD ENERGY HARRISBURG LLC,METHANOL,0,GAM
LANXESS CORPORATION (EL DORADO),0014u00001wslUV,LANXESS CORPORATION,METHANOL,4987800,GAM
RHINEHART OIL (AM FORK),0017000001UuM0J,RHINEHART OIL COMPANY INC,METHANOL,0,GAM
TEXAS PRIDE (SPRINGTOWN),0014u00001zpIKB,TEXAS PRIDE FUELS,METHANOL,0,GAM
THE MEADOWS (DERBY),0010g00001mMc1T,THE MEADOWS GROUP LLC,METHANOL,0,GAM
AG PROCESSING (SAINT JOSEPH),0017000000yW3ki,AG PROCESSING INC,METHANOL,2660160,GAM
HEXION INC (DIBOLL),0017000000yIW2f,HEXION INC,METHANOL,8978040,GAM
WEBB CHEMICAL (MUSKEGON),0017000001KuqRM,WEBB CHEMICAL SERVICES CORP,METHANOL,0,GAM
EXPRESS GRAIN (AVALON),0010g00001mLP7S,EXPRESS GRAIN TERMINAL,METHANOL,0,GAM
RADCHEM PRODUCTS (EUREKA),0017000000yIVuz,RADCHEM PRODUCTS INC,METHANOL,0,GAM
MINNESOTA SOYBEAN (BREWSTER),0014u00001wrkH1,MINNESOTA SOYBEAN PROCESSORS,METHANOL,2992680,GAM
HAMPEL OIL (CANADIAN),00170000013kTwL,HAMPEL OIL DISTRIBUTORS INC,METHANOL,0,GAM
GEORGIA-PACIFIC CHEMICALS (PERRY),0014u00001wIxvE,GEORGIA-PACIFIC CHEMICALS LLC,METHANOL,0,GAM
REG SENECA (SENECA),0017000000yIUeP,REG SENECA LLC,METHANOL,5985360,GAM
EVERCAT FUELS (ISANTI),0014u00001vTjEZ,EVERCAT FUELS LLC,METHANOL,332520,GAM
HEXION INC (SHEBOYGAN),0017000000yIW2f,HEXION INC,METHANOL,23941440,GAM
HYDRITE CHEMICAL (COTTAGE GROVE),0017000000yIUxT,HYDRITE CHEMICAL CO,METHANOL,0,GAM
HAMPEL OIL (FALLIS),00170000013kTwL,HAMPEL OIL DISTRIBUTORS INC,METHANOL,0,GAM
THOMAS PETROLEUM (BEOWAWE),0017000000zw1R1,THOMAS PETROLEUM,METHANOL,0,GAM
ARGUINDEGUI OIL (EDINBURG),0017000000zxHux,ARGUINDEGUI OIL CO II LTD,METHANOL,0,GAM
HAMPEL OIL (PADEN),00170000013kTwL,HAMPEL OIL DISTRIBUTORS INC,METHANOL,0,GAM
TPC GROUP (HOUSTON),0010g00001bqeFt,TPC GROUP LLC,METHANOL,76479600,GAM
HIGHLINE WARREN (GREENBRAE),0014u00001wrGSS,HIGHLINE WARREN LLC,METHANOL,0,GAM
BASF INTERTRADE (FREEPORT),0017000000yIV5p,BASF INTERTRADE CORPORATION,METHANOL,0,GAM
MOON CHEMICAL (OKLAHOMA CITY),0014u000026iBxl,MOON CHEMICAL PRODUCTS,METHANOL,0,GAM
DOW SILICONES (FREEPORT),00170000012yAST,DOW SILICONES CORPORATION,METHANOL,28929240,GAM
BRENNTAG GREAT (CHICAGO),0017000000yIPa3,BRENNTAG GREAT LAKES,METHANOL,0,GAM
BAKELITE CHEMICALS (LUFKIN),0014u00001wIsM6,BAKELITE CHEMICALS LLC,METHANOL,9975600,GAM
ARKEMA (BEAUMONT) (BEAUMONT),0017000001Qi4of,ARKEMA,METHANOL,0,GAM
HEXION INC (SPRINGFIELD),0017000000yIW2f,HEXION INC,METHANOL,20283720,GAM
CHEMISPHERE CORPORATION (SAINT LOUIS),0010g00001ePhJD,CHEMISPHERE CORPORATION,METHANOL,0,GAM
FARSTAD OIL (LOGAN),0014u000020TJFc,FARSTAD OIL INC,METHANOL,0,GAM
HAMPEL OIL (CHICKASHA),00170000013kTwL,HAMPEL OIL DISTRIBUTORS INC,METHANOL,0,GAM
ACCRON LP (BRYAN),0014u00001zo2Ti,ACCRON LP,METHANOL,0,GAM
"VALERO REFINING-TEXAS, (CORPUS CHRISTI)",0017000000yIUk4,"VALERO REFINING-TEXAS, L. P.",METHANOL,13300800,GAM
CALIFORNIA CHEMICAL (CHINO),0014u0000234UmY,CALIFORNIA CHEMICAL,METHANOL,0,GAM
CONE SOLVENTS (MEMPHIS),0017000001QytUr,CONE SOLVENTS,METHANOL,0,GAM
JACKSON OIL (INDIANAPOLIS),0017000000yIQQ0,JACKSON OIL COMPANY AT MATTOON INC,METHANOL,0,GAM
DUONIX BEATRICE (BEATRICE),0017000001J5pN9,DUONIX BEATRICE LP,METHANOL,6650400,GAM
HIGHLINE WARREN (GRAND PRAIRIE),0014u00001wrGSS,HIGHLINE WARREN LLC,METHANOL,0,GAM
WATER TECH (FORT SMITH),0014u0000232mt7,WATER TECH INC,METHANOL,0,GAM
INDUSTRIAL CHEMICALS (ARVADA),0017000000yIVya,INDUSTRIAL CHEMICALS CORPORATION,METHANOL,1995120,GAM
ACCRON LP (EL CAMPO),0014u00001zo2Ti,ACCRON LP,METHANOL,0,GAM
CASCADE COLUMBIA (SEATTLE),0014u0000275Ggo,CASCADE COLUMBIA DISTRIBUTION,METHANOL,0,GAM
KOCH INDUSTRIES (BREWTON),0017000000yIUl0,KOCH INDUSTRIES INC DBA GEORGIA-PACIFIC BREWTON LLC,METHANOL,0,GAM
BASF INTERTRADE (GEISMAR),0017000000yIV5p,BASF INTERTRADE CORPORATION,METHANOL,23941440,GAM
REG RALSTON (RALSTON),00170000012y6WV,REG RALSTON LLC,METHANOL,1330080,GAM
SOLVAY USA (CABRILLO),00170000012xiw7,SOLVAY USA INC,METHANOL,0,GAM
WEBB CHEMICAL (DAVENPORT),0017000001KuqRM,WEBB CHEMICAL SERVICES CORP,METHANOL,0,GAM
INVISTA (ORANGE) (ORANGE),0017000000yIW35,INVISTA,METHANOL,0,GAM
OWENSBORO GRAIN (OWENSBORO),0014u000026hXCn,OWENSBORO GRAIN COMPANY LLC,METHANOL,4655280,GAM
VP RACING (MANHATTAN),0014u00001vV2HQ,VP RACING FUELS - HEARTLAND,METHANOL,0,GAM
BAYER US (INSTITUTE),0014u00001noyWm,BAYER US LLC,METHANOL,0,GAM
DOWN TO (MONROE),0017000001OP09a,DOWN TO EARTH ENERGY INC,METHANOL,0,GAM
DFI INC (KANSAS CITY),0014u00001yRPHN,DFI INC,METHANOL,0,GAM
REG ALBERT (ALBERT LEA),0017000000yIUgt,"REG ALBERT LEA, LLC",METHANOL,3325200,GAM
BIODIESEL OF (LAS VEGAS),0017000000yIVwp,BIODIESEL OF LAS VEGAS INC,METHANOL,997560,GAM
AGRIBIOFUELS LLC (DAYTON),0017000000yIVwv,AGRIBIOFUELS LLC,METHANOL,1995120,GAM
BARTON SOLVENTS (WEST BEND),0017000000yIPVO,BARTON SOLVENTS INC,METHANOL,0,GAM
STEPAN COMPANY (ELWOOD),00170000013lUHR,STEPAN COMPANY,METHANOL,3325200,GAM
IOWA RENEWABLE (GRACE HILL),0014u00001zosfL,IOWA RENEWABLE ENERGY LLC,METHANOL,5985360,GAM
HEXION INC (BAYTOWN),0017000000yIW2f,HEXION INC,METHANOL,18621120,GAM
DOW SILICONES (MIDLAND),00170000012yAST,DOW SILICONES CORPORATION,METHANOL,28264200,GAM
LEAF RIVER (BELLEVILLE),0017000000yIUkv,LEAF RIVER CELLULOSE LLC,METHANOL,0,GAM
BRENNTAG GREAT (OMAHA),0017000000yIPa3,BRENNTAG GREAT LAKES LLC,METHANOL,0,GAM
ASCEND PERFORMANCE (PENSACOLA),0017000000yIV2L,ASCEND PERFORMANCE MATERIALS LLC,METHANOL,0,GAM
DUPONT SPECIALTY (DAYTON),0014u00001oyZ1p,DUPONT SPECIALTY PRODUCTS USA LLC,METHANOL,665040,GAM
GEORGIA-PACIFIC CONSUMER (CAMAS),0017000000yIUl4,GEORGIA-PACIFIC CONSUMER PRODUCTS,METHANOL,0,GAM
REG HOUSTON (DANVILLE ),0017000000yIT5h,REG HOUSTON LLC,METHANOL,4655280,GAM
NALCO CHAMPION (SUGARLAND),0017000001OOnX2,NALCO CHAMPION,METHANOL,2660160,GAM
SOLVAY SPECIALTY (ORANGE),0017000001MQHpd,SOLVAY SPECIALTY POLYMERS USA LLC,METHANOL,0,GAM
CHEMSERVE TERMINAL (WILMINGTON),00170000019rvcQ,CHEMSERVE TERMINAL OF WILMINGTON LLC,METHANOL,0,GAM
ARCLIN USA (WINNFIELD),0017000000yIUlr,ARCLIN USA LLC,METHANOL,24273960,GAM
AMERICHEM SALES (MASON),0014u000020TT9a,AMERICHEM SALES COMPANY,METHANOL,0,GAM
HEXION INC (LOUISVILLE),0017000000yIW2f,HEXION INC,METHANOL,25604040,GAM
BRENNTAG GREAT (MENOMONEE FALLS),0017000000yIPa3,BRENNTAG GREAT LAKES LLC,METHANOL,0,GAM
HAMPEL OIL (CRESSON),00170000013kTwL,HAMPEL OIL DISTRIBUTORS INC,METHANOL,0,GAM
HERO BX (CLINTON),0010g00001cXi7C,HERO BX,METHANOL,0,GAM
GP OPERATIONS (CROSSETT),0017000000yIW0T,GP OPERATIONS HOLDINGS LLC DBA GEORGIA-PACIFIC LLC,METHANOL,0,GAM
BP PRODUCTS (DEER PARK),0017000000yIV27,BP PRODUCTS NORTH AMERICA INC,METHANOL,166260000,GAM
FUTUREFUEL CHEMICAL (BATESVILLE),0017000000yIUca,FUTUREFUEL CHEMICAL COMPANY,METHANOL,9975600,GAM
THE MEADOWS (MONAHANS),0010g00001mMc1T,THE MEADOWS GROUP LLC,METHANOL,0,GAM
BRENNTAG PACIFIC (PORTLAND),0017000001SOPmk,BRENNTAG PACIFIC INC,METHANOL,0,GAM
CONE SOLVENTS (NASHVILLE),0017000001QytUr,CONE SOLVENTS,METHANOL,0,GAM
HIGHLINE WARREN (LIVONIA),0014u00001wrGSS,HIGHLINE WARREN LLC,METHANOL,0,GAM
HAMPEL OIL (FOSTER),00170000013kTwL,HAMPEL OIL DISTRIBUTORS INC,METHANOL,0,GAM
BRENNTAG GREAT (TOLEDO),0017000000yIPa3,BRENNTAG GREAT LAKES LLC,METHANOL,0,GAM
BAKELITE CHEMICALS (CROSSETT),0014u00001wIsM6,BAKELITE CHEMICALS LLC,METHANOL,24606480,GAM
NUTRIEN AG (ALBANY),0017000000yIV0T,NUTRIEN AG SOLUTIONS INC,METHANOL,0,GAM
RHINEHART OIL (KEENESBURG),0017000001UuM0J,RHINEHART OIL COMPANY INC,METHANOL,0,GAM
